Address,Claim Time
0xe497e19beb99d8382a8fc3d73e46e7eb4c0611c3,2025-11-29T12:19:58.284Z
0x52270126d52b898b5364bdb6b486f34e29cb2cce,2025-11-28T02:37:59.254Z
0x04017558e22e6bbf1f73f957d4a777412ccc8034,2025-11-28T01:52:31.824Z
0x53c2af9b9d869dbfb825b09234e68812b5b50445,2025-11-27T18:55:24.440Z
0x2219b012773b9fdeda0494af0b0158514b10894e,2025-11-27T18:40:04.023Z
0x2af8df6d731e3b7b7c3270526a80fb0da06b080f,2025-11-27T18:34:15.191Z
0xc20da24f9d5f0fe8e222dbadfa3657bead51fd2d,2025-11-27T18:27:35.364Z
0x87ea9324b70fefb130388a4f34f1865d1c10b953,2025-11-27T18:24:56.171Z
0x7cac5db9c989e7f63ad6f4c3557b0194ecff74b2,2025-11-27T18:17:32.639Z
0xc237c2759a4512a680a8813f41e09643f6da5e41,2025-11-27T18:16:20.445Z
0xfba3724590fa8256ed6b2f734ea67cbe02194303,2025-11-27T18:09:08.130Z
0xa1971f162d7749626c9f3cbfcb7343d8134c0f4f,2025-11-27T17:59:08.921Z
0xd8d844a2441eec83516e824702e2019dfcae7831,2025-11-27T17:58:36.693Z
0xcac14ebd7ca0cccb6892176181404b75e3b4f8d1,2025-11-27T17:55:29.643Z
0xde5a5e50bbe8a3d8cbde06c62c17094dafe9e26d,2025-11-27T17:44:56.823Z
0xe33be990cf37ff85da565d7926a6085f92b475c7,2025-11-27T17:40:31.318Z
0xad0c3be4dab203c4b5178044b7752cea3852ecbd,2025-11-27T17:39:08.809Z
0xbed8fc3ca365a4fbb615b990b53f8afffe43a2f2,2025-11-27T17:32:58.604Z
0x7af5c78f84dca97b0c0bc8a3e294fac82b8a191e,2025-11-27T17:28:25.561Z
0xc95c252f0a3680c57b96ec45abdff654f08d9677,2025-11-27T17:27:08.255Z
0x5973d69b456aa9440736b5d78f71a4e7b84648b8,2025-11-27T17:18:22.538Z
0x3d5b57d359499198dce1c6d5539537d6eaec00ad,2025-11-27T17:13:57.260Z
0xfb0b7c61e057982d9e61101af99daf8ddeb6cf14,2025-11-27T17:07:34.496Z
0xbc993d6e66b6300e125843a89275b977b45f2381,2025-11-27T17:05:45.773Z
0x1bf58f06169789c2fbf81116b4c97abc1dec2003,2025-11-27T17:03:07.012Z
0xda61e1797553d61b4b0a4924066a889dccd91b94,2025-11-27T16:59:47.317Z
0x520a5fc9f0de0de1578e8cfe642ce75c33981156,2025-11-27T16:56:36.199Z
0x9d45a24db93933561e75c93f61dff544f7ef769a,2025-11-27T16:51:58.659Z
0x965e27472fd49365218c6c3cad11b00bc991e8a8,2025-11-27T16:48:41.590Z
0xae1adb7b4094d7013ea3bb343fbc122567b8c3d3,2025-11-27T16:48:23.634Z
0x2fdee5ea69ddd85c24cbbd5a9355cce1029e1caa,2025-11-27T16:47:22.204Z
0x6f64f8665db6e270fa0149d0a79f56bc5ce66e69,2025-11-27T16:41:26.965Z
0xcc9c0d915281253b0dfc4b0399a9bd328302668f,2025-11-27T16:38:00.038Z
0x125bccc278397213e3a786e134cbcf23084a0824,2025-11-27T16:36:46.854Z
0xad3ee1b0a63e3442571e0a3fb47200c81fee2bf0,2025-11-27T16:32:51.273Z
0xb8e403b70364ee0d61572cc66703fcfb88067619,2025-11-27T16:27:46.024Z
0xa4cd27d139a644d2a46144a91f15e2042bcbe630,2025-11-27T16:26:24.458Z
0xbcd86c48c3171b64f280812c485a936d705bd95d,2025-11-27T16:25:08.787Z
0x764b43bc8046336b263c6ac91052ddfd5c809cfb,2025-11-27T16:24:40.847Z
0xde3387e9e9d407549c3b5483c70e6b2671fa5763,2025-11-27T16:24:13.209Z
0x62dca3d13b4906c51b89d4aae3b1606430ad0294,2025-11-27T16:22:54.816Z
0x4f9a99ea74e82fc6653833870b3fd62f30d6995b,2025-11-27T16:20:30.123Z
0x966243b166cd623ad3b699a6d21a0ed062962a6d,2025-11-27T16:18:51.856Z
0x8ab0824ac1af9f9d7580fbbc467d99a3d993d6c2,2025-11-27T16:16:27.258Z
0xa2c7b996f52f85ae9dca7f05386a9ae87c2e34f3,2025-11-27T16:08:43.841Z
0x96383d1f780d83868637517f77416f723e493d73,2025-11-27T16:07:48.687Z
0x3a4dc93661069629c3010df6c9aeb1be289482e8,2025-11-27T16:06:45.137Z
0x3ef7ca67483ee997a368f5c77811f4661528eaf2,2025-11-27T16:06:23.327Z
0x3e01e64ad841aab3c05c05a70e6a0d0a875addb8,2025-11-27T16:05:41.988Z
0xe0e00facf78b0326a81f9a05b6b84f8282ab9695,2025-11-27T15:59:04.029Z
0x19eaddca8e4e2958b0e6206ea7498dc9593e03cc,2025-11-27T15:57:49.228Z
0x32262e24ae43a9b82304e751f273e072650a0d67,2025-11-27T15:53:12.795Z
0x1a9f927ebe5df13c659fe556788c4ef618a45354,2025-11-27T15:51:53.576Z
0x18e8432a516755777c95e5aabd2ec0a7e942f885,2025-11-27T15:50:42.080Z
0xb6ea526334e4a2b9278c5b7d1678a120bdb2554d,2025-11-27T15:49:44.460Z
0x048a220d1da2b1c9e23ce2fc24b72e7bc4ebad26,2025-11-27T15:44:52.647Z
0x6493c12738d0452e0e22d5c49c4d4bc559173cfc,2025-11-27T15:41:25.351Z
0x726734db46752b4e3e39d966388f8865ebdf7a88,2025-11-27T15:40:59.169Z
0x38d3d05ffe36604b5c6ca020205feb04d091d1d3,2025-11-27T15:40:52.249Z
0x0e2b20cca0e2b01787e81468775f4d682a11793b,2025-11-27T15:37:49.322Z
0x4449cd77e70b68af31d79f28a6ca5f795bd998c5,2025-11-27T15:32:27.694Z
0x31209330d8d757687762bcdb28896a50b60ff5b2,2025-11-27T15:31:27.241Z
0x64ef474577f2ebdacf68b1c94b8db0079aa12244,2025-11-27T15:28:57.041Z
0xac154c25da6227ad51dee8006f29ca4fe9254ec1,2025-11-27T15:28:12.402Z
0xd874ecda3e1ff9f0d2b4c80cb8c1caa095cd0725,2025-11-27T15:27:02.563Z
0x30d197b025a6a16e897d5468c91e6bc2c4af3e5b,2025-11-27T15:26:46.552Z
0x3dd34bbc2785667f00a8853310ab4976d3fdda4b,2025-11-27T15:25:15.176Z
0xa797bde08476331ee1a8065be96b9072bf04939d,2025-11-27T15:24:34.931Z
0x28837b0f0007b148aec5057de1192330790a0d42,2025-11-27T15:23:51.061Z
0x44c71d48eaa0f82e6f4f556c62988a28d2d3ec32,2025-11-27T15:20:38.461Z
0xef17995835ec97bf15b4f0cd48dbc7d030196b35,2025-11-27T15:20:30.506Z
0xa5c68927220d2c979ea78a2a8c6a4218e32e9748,2025-11-27T15:20:14.152Z
0xde2c6879eef266f2491ccc3c515b7759bbb21d15,2025-11-27T15:19:24.022Z
0xad705fcb731e4b99e57fb89af9f857f34bf1fb42,2025-11-27T15:15:34.261Z
0x71b97ea1359503b1f6ce6603a8e4bf9a07c36f9d,2025-11-27T15:14:12.312Z
0x6fb0078f3b69591b982c934050faa223f5921220,2025-11-27T14:41:47.229Z
0x1b2512fc345e3b2865a7f0d24bd8a71822d53b4c,2025-11-27T14:37:58.694Z
0xe8214c60da82dca1e57bd3f11f4270d726e1ef66,2025-11-27T14:34:18.175Z
0x670f38b1d78705bc3edb19fb264f9b0320bcae98,2025-11-27T14:30:23.108Z
0xbb4941b85f726d60bea60a8ff6a931da547b4759,2025-11-27T14:26:31.440Z
0xb792473eec319b19652b70c8f323ad964e35c6be,2025-11-27T14:21:34.908Z
0xb1aac084330b0ee12528de5e75759ad4dd58cdb5,2025-11-27T14:17:01.184Z
0x77cb5c2e273796476201f70fed2fa86404218fbb,2025-11-27T14:13:33.525Z
0x60a79ea9dc41a3ca33d2af2786e15541af16b6a4,2025-11-27T14:09:42.121Z
0x1bfb81ef7c46b0657a3c588d3ea5280a127c5f96,2025-11-27T13:49:20.576Z
0x704ee235d6ab90e95abf01caf370a424ab930f2b,2025-11-27T08:37:24.927Z
0xdf025f823fe39b91b2c741dcbc859e52f162878f,2025-11-26T20:01:39.049Z
0x6cc3745945e678acdd309d6af9c0590bd83d59a4,2025-11-26T19:11:56.961Z
0xbb20446a647ac68afce0828d36fd81db2ee3ea1d,2025-11-26T11:00:30.511Z
0xf937036371dc7509002ec7717a4b91a00bcce0f9,2025-11-26T10:27:33.001Z
0x26ab7942e0ea349ff4db6cc47486c425b64a08e0,2025-11-25T18:06:18.438Z
0xe782341a6aae27669e62118ff2be7c2dba55e9e0,2025-11-25T17:43:45.279Z
0xb011249d93a6e973097ece5709a48c397e821697,2025-11-25T14:49:50.848Z
0xac380431ec7f6e7c8f43d52f286f638fc9311ca5,2025-11-25T12:32:41.356Z
0x2ec634f9acaa113848c4e1eb1137060595ea9266,2025-11-25T06:43:54.777Z
0x8f96f0089a2ad79344c6c8819fb9d750a303cc71,2025-11-25T05:46:50.842Z
0x166c4f653db0c24396c2911381754dd7ad60b88d,2025-11-24T09:01:34.418Z
0xeb4dfb5452266c98e815960d75fe6f97a0a18dc5,2025-11-17T19:53:39.874Z
0x0c2a4aefbd52e37fe7afd2c643201389ba741e54,2025-11-14T08:51:04.780Z
0x2b8f2367f4178ce70295955c099f499f9f32c8bf,2025-11-13T22:48:44.281Z
0x13cbd6985589c1721ac7f49b955899c26a6e4c76,2025-11-13T14:27:41.998Z
0x7fee218eb222340c58d4d3299a4b0ba3f77e901b,2025-11-12T11:51:38.956Z
0x9ae9171ff7f8f5ae46a7914d75e6e6a9c5b791a0,2025-11-12T09:03:11.966Z
