S/N,USERNAMES ,WALLET ADDRESS 
1,peteran._,0x3d90C1d3bEAB3a4c2182e91C413e78500be7F437
2,nyaringi,0xb4e56dD4E21aFF6030147816b9e70A1175a89dC6
3,bantass,0x9898890F85B12615DBB161135BeB7761268d965B
4,pupuh_h,0x3eDbB92701810A152362290b3B094130cD74315F
5,yiyeyiye,0x0597A582C2D7732b98E15B14Ef8d2e83DB38Eeb3
6,greattijjani,0x9a4d5076134b2ad00290007a0c4a5e1180b838b2
7,hu_aaa,0x507c0F4Bc61A12F3df97Cd8c01B2cF3dC18EA724
8,yahhabu,0xaDb238d78a3459f37204307D5AD090b8Cd8E86Af
9,angkring,0xa8711507aA4048fc6931629418b16137954DBE43
10,eiiyaa,0xf020E7b4E8Fff55e1AF19eb162A92e6364460E9D
11,tepaluh,0x01071f0c50Eb1a1758C433e218d1aEbaF875e806
12,rongkang.,0xCDd52fa7e789199a61f09078Ca74359c1779EecA
13,bikinibottom81,0xdf8F7Ae43f3CB8C8e77656a23DCa95A98A31DC5e
14,ibur0499,0x5f0923ec054884e609cd47dbe651e5c4551dd32e
15,pabila0919,0x6bcc854d93a6792ba7b3288cfcbbe0666c3861ab
16,span0534,0x7f98f2b85d2d06e1fe2bb198555b2de76bbe4d2f
17,isar0840,0xea1a287111c78bc0e7b1d01f29b19ef24e9a3dcb
18,monasasa,0x61966f8038f29a52782f836753bf53c066c3084a
19,popliss,0xf57d1f0ce063a38d6cb4bf34649e8c6c3b7c12ee
20,kokopo0879,0x6f34c4586f6f26386b7e836c121bbb2bcc1347a9
21,singpai.,0xd6a7c7a640aa32bf6c049f9247cb153547b3e934
22,nanas0941,0xd4c73b877c9044830ad1f49aad9d395c0f28b5d4
23,tusisi0771,0x2b979547cdce490442c21779f4fbf071eb4c96a1
24,pinter3420,0xeD3C046640e512cf3B1e96ceA9041335d90Dba40
25,sebatang.,0xBD551153E2330bAC2e23193975FA91BfE1925E98
26,unnam.,0x62919d163D9c62Cd59FD8282D15BC462f0adc9d5
27,lisa66._,0x6fdE94a189A26802a1E7B5B04E60eAe1a2d2eB10
28,maiplay.,0x0a380f0e243c4ac5143d9aa2086147569a4a9d10
29,hydridd,0x750734282D746E2a5e03d5Ba71af1f3CbAFa931B
30,yerona_38892,0x5910d4E6246fFC4e26CC716E2bEC838357cE60ee
31,kunyaaaaaa,0x7C998995190211B827a4A14E4Dc24C7F11d5153d
32,pitag._,0x0cDCFeDad9e7c9c3315738502855a646653262ca
33,dimas_qw,0x8a81eb0a6c52e81b00adf0016b31b18a8d3570a0
34,cornelia7,0x4e42ef2b211699A31c8fBBDF155FF34866B98Ce5
35,sstttdiam,0xC3d54184F0FAC0088aF39b8BA12E24f1538693f5
36,anangku,0xEa941395D217b3E40dfDE24b212d94029e6fCd47
37,idamanbini5,0xC0F525995EE317798b4002F7a162178FF1DA26a7
38,hadi997378,0x5fde9bd0fee27649ee8f339684e4628e1ee2216b
39,anubisbis17,0x6f718EE7EaFbe3fBb7A52ed433D19B59eE051Dc2
40,adul_88,0x7e141575d7ce893dc12edcd254b161909d48227a
41,gaple.,0x810793E850894298bB49Eb6f6989f3138D71b25C
42,resaname,0x33CCeD50Aa49Dc30E0C216437d63f7e2c152926a
43,ngk92,0x07b9F31c15181Af3cCbE4c97484F5c3bb68B69c6
44,daran11,0x2c82855EF7850793B90C9a977c5889847aD94fe3
45,bangkukung,0x070D436cB9E59f249038931D836D05940f6Dc6a2
46,closeddid7,0x7F548E1bD7e0a7bd57ff3eF67C440E3E1f449aD1
47,terorr.rrr,0xBE1beb273bf009A19F8f903d34a099ce24fDE8b6
48,sayangaku,0x1239BF067AC7222494bEcd0Dc63187dc09dbf872
49,darbesan,0x55419fFEEaCb71BbffaD6ed3ee8fBC582FEfFA2a
50,dae255,0x1a1302E0290101a42E8ad4baB579268d88cca4cD
51,bosskeske_37100,0xee2c71fbe0446a37c852a93c888206a7635a7601
52,madzboyz_,0xb1dc26988D096022378493D28CC74c632A7D5f8b
53,myst3rious007,0x66A4c3b3052979B7a25BD60e371A2C91aaaBA315
54,hommieboi,8RPYCAauqp3kXNvrRxiPpnv4oyFqS9YaAxdzQR94PkGb
55,gumindra,0xa202569f6028A00308cE2a6713958094365FAB9a
56,awayturner,0xa1971F162d7749626C9F3cBFCB7343D8134C0f4F
57,arikeola,0x360142beCa3bCfD01Cba2b8b9a810Ae743Be61F8
58,sekemikenny,0xe12E38237989732cbCf9C57146C904A04FCE7648
59,dakeskese,0x6cc3745945e678acdd309d6af9c0590bd83d59a4
60,bosskeske_37100,0x9A4d5076134B2Ad00290007a0C4a5E1180B838B2
61,denihambal,0x3a4a2e8ff616fa9b1c25ee08c8ce0e3d9a7038b7
62,diannurdiansyah0223,0x1e0148f958e77186758edc79cf5fe98469273ea4
63,aliandradik,0xb0a66b8cec4d91a01137654b0ff1f46266805d86
64,erizr,0xe8f12993a1df9d2225a3e0ecac7e80202ff33e12
65,fajaralfandi,0xb57dcc6a71df6ffbbe84a1582f31a961cf2ea03b
66,fakhrialmusadi,0xbfb231a4edaf2da90a369fe1a1a47cfbeb216c8c
67,fekliasik,0x953b4997f909af58a152a0796e28f3e4c8a60bbc
68,fickyhandria,0x8d61dd23a72d828334773fb7d0a9af580eaabebf
69,fitraalfonso,0x9bd7777dae0dd13472d7c6882cad2269cd4a5806
70,gilangrobbain,0xb3095da6601b876e3a1cae607fc0a4f43d68ebef
71,zorsss.,0x71aC14417309C5b049475C8027103bF792163d26
72,indra_kur,0x3985f338618fe7c367c8fbccba6429d7660df558
73,indraprim,0x66aeae9b41ad72c95ece856fa3afedb253613569
74,fah_h_,0xcCcc45Ce3A02481409eE739290BBb36C7f60f578
75,kalima0414,0x857adc10b64cff823a92c95d9522320cbe0a1ee6
76,oxygen_3222,0x6B3420e804CaaCD0c6CB7b0BEA6812809413B1Fb
77,nahhnu,0x4a9FFCfAf98Cf3491aE3C85B641B9eb281c98225
78,kabayan0719,0xde085ab584bd9244a18e05a5578a97f0886c23a6
79,katakberair,0x32465d99aeccc6641eb3c1634e33e48579cd5107
80,konaremaja,0xbde4f4ddccb74b14056c14d6dd012448b0a47666
81,aprithv22,0x04520a775fdb900d6bb94fe9ca2aad1d612d9398
82,kuyangsakti,0x9b9b3c38a227fcc39e49d4d6603568d8bc02d17a
83,mamae0850,0xd3a7dceb7338d945ca959b7bb5e38cb6846d74ce
84,burungp,0xe0c8a75ADBf0629e8AcBf12F11d6c64BA2AEE423
85,mantrikurabi,0xa2de3369f0ad3174193582f218ba0873f77a0df8
86,bptmpv,0xd1c5F9CAc034f783c175969F0F3D3cEc880611B6
87,muticare,0x72bbcadcc7a7202efb2bf77692c69018563c3e7e
88,feb.muti,0xa65f536ecb9a7f56477107b81d859f39028b784c
89,omonsaromon,0x0b98ce3396827184b8106c7631b2fbdbdba07d2b
90,zx4563,0x4eb0f26Dce1B268533f5D01b109a0f8F1ffa782E
91,keylasyifa,0xdb74D8e755720F797052723a7FEaC653F93cDA96
92,keraton06_,0x6EE2769892Df20f88918F61Ef789B79C832f2051
93,kadangalih,0x60Ab84c3F9Fd5c76C543C9d491D843ba93A7ADA3
94,jekpoter,0x41379d747b1e0113b305E4fcb62A02C2BF9eC1Dd
95,ilhamgod664,0xc8c8F86Aa7CD196C8F2E2806119c54d9eFBf4b3a
96,hayatuqolbi,0x796703D531976d9A7A0772D421534649bbBa1EE3
97,hadorie.,0x6d6Ed2cac9939d630FB74b11Df24A8B3b69C3261
98,hacklaw55,0xD72DEDDCC99F8abfC0Eb90733315808280c3cBf3
99,gunungbtk,0x48F221F47F4fF5D8dC882C83bA6eB57452795828
100,kingfaisal303,0x22e8748ba664b3ce5D758dC01e5127711963639B
101,emry0885,0xC4a0927cf63672e64918CB454bef95F0FDf6c702
102,ellokogonzales,0xD731ffa7D2A495f9270AA5C5A598D86f685D4747
103,digitalalliance.,0x1C2BEe48772854814671C70de8EB9C0b81DA4a00
104,crocodile5544,0x47E4020dC388e9D580b45c07868D6B7aDD514DE8
105,carglos_,0x02546903aC89caD82758A553cd958f3AbF892415
106,buts0665,0x5d5d3B3B9189Fe19258Ec135488f32E2AC6bF2A1
107,ddaeeeee_64078,0xB95AeE62BeD99321C311A00BF8fe05a6c860Dc42
108,bakihanma0167,0xd3AFDD5B8a94e605727e59267A0c7880a2E58042
109,azizahputri78,0x58D1dB8297694EafcCc4a0d799b385dA17641077
110,aexis0606,0x3424AF563f2446a3C02aa1F7aBE749C92a89b241
111,mitsuya_089,0x852D71184BE99542A643D7A5b9Ed7a1d68fb9821
112,upik0743,0x720a80327aa268260b98e7bb630c988788f463f7
113,testami,0x090832beaa8cb7ac62fac87e14535960d3962b34
114,marianasur,0xa9b76712bd6a8704c2001277939997a6ab792452
115,sodelanjay,0x574edad80c8349cdfae10bc450e5ad8e504201a6
116,sapidua618,0xfff5d863cec17fa16949524dc98342ef6f5efc81
117,rubynasrullah,0xc7be1f4bb4668734d995a75be46d086de1f361f7
118,zkiskrt,0x5be0627ef606a3321a9587bdc245f4cf3e7cf70f
119,rizaldimaulana_,0x8c1dd8e41d8e4bbeaa0d56a610fd43fc8a65c738
120,rizalapr,0x35468a8dd953949ac6e5704ec7932617c07c89c8
121,ririangel_,0xd760456fd438348dca21aed2d4d4cf98b6eec814
122,rindusekar,0xa661afce49058085ec3213d0f216361753ec86c4
123,resamau,0x9686c84c68c9fb60223e4104584f0a1ebec90823
124,sliceshot_09337,0x6dC7a8c3806A4c5e66B87Cec7AfB44b55D5f1f2F
125,percival080,0xC75319Dfede125ec7365cB0a82BA25E5A4540607
126,chdaeyyy,0x6CE16BCeAB78732c9F367caB64056851D5005C09
127,ohyesohno67,0x5D9BBD7BbCa35ACb4fC91C8eb4A28436f57eEe61
128,creamsiewhimsie__84994,0x773602c27efb5E5aA0F1dE4893E5d76e4E1a115a
129,nanangdatang,0xf866cC098A997aA5A2fF24F93027bc6a7A4AdA36
130,blckcoffe,0x6441D1920D397F09CFF1296f9BE5242f32E4d35e
131,aasedezz,0x1bd8F6f59fbe9d5690a9bF09d23191F09A183237
132,albys0770,0xD41e30a5E99Bb9353382d9f303f20CEdcBF10140
133,okehh123,0x8dD300aD9B9b9192928E35133845C4620E733582
134,remix_letsgo,0x2187d0605A19De918e7A2cC2Be1525E092Bba22B
135,bangunsi,0x7c0B0C6BE449E3B17E226a2BD1Bd840B86810A0e
136,beambah,0x4A474B00939DfDcBe8710c26b03946aF897dd9BC
137,mochachinn,0xf3C17277948204494513994E396440Ef45b061db
138,theambull,0xB07361e043A077311EB1e26C36aBEF0aDFec0704
139,beritaaa,0x91e95D67873061C8EDEAFb601c81E3013629202d
140,iniredian,0x17f161de28d5bf117ac47fce8c8e073c66467335
141,lucaszsz5,0x00e382E9a23734F2747Cb89034dF2B401f10E167
142,permatas.ari,0xebe04be8e11f36d47edfa0b60f80b8274e232b71
143,lchyn10,0xE4de712DAC815706d296566A27905EbD48146f75
144,dakeskese,0x6cc3745945e678acdd309d6af9c0590bd83d59a4
,,
,,
,,
,,
,,
,,
,,
,,
,,
,,
,,
,,
,,
,,
,,
,,
,,
,,
,,
,,
,,
,,
,,
,,
,,
,,
,,
,,
,,
,,
,,
,,
,,
,,
,,
,,
,,
,,
,,
,,
,,
,,
,,
,,
,,
,,
,,
,,
,,
,,
,,
,,
,,
,,
,,
,,
,,
,,
,,
,,
,,
,,
,,
,,
,,
,,
,,
,,
,,
,,
,,
,,
,,
,,
,,
,,
,,
,,
,,
,,
,,
,,
,,
,,
,,
,,
,,
,,
,,
,,
,,
,,
,,
,,
,,
,,
,,
,,
,,
,,
,,
,,
,,
,,
,,
,,
,,
,,
,,
