S/N,USERNAMES,WALLET ADDRESS
1,denihambal,0x3a4a2e8ff616fa9b1c25ee08c8ce0e3d9a7038b7
2,diannurdiansyah0223,0x1e0148f958e77186758edc79cf5fe98469273ea4
3,aliandradik,0xb0a66b8cec4d91a01137654b0ff1f46266805d86
4,erizr,0xe8f12993a1df9d2225a3e0ecac7e80202ff33e12
5,fajaralfandi,0xb57dcc6a71df6ffbbe84a1582f31a961cf2ea03b
6,fakhrialmusadi,0xbfb231a4edaf2da90a369fe1a1a47cfbeb216c8c
7,fickyhandria,0x8d61dd23a72d828334773fb7d0a9af580eaabebf
8,fitraalfonso,0x9bd7777dae0dd13472d7c6882cad2269cd4a5806
9,gilangrobbain,0xb3095da6601b876e3a1cae607fc0a4f43d68ebef
10,zorsss.,0x71aC14417309C5b049475C8027103bF792163d26
11,indra_kur,0x3985f338618fe7c367c8fbccba6429d7660df558
12,indraprim,0x66aeae9b41ad72c95ece856fa3afedb253613569
13,fah_h_,0xcCcc45Ce3A02481409eE739290BBb36C7f60f578
14,kalima0414,0x857adc10b64cff823a92c95d9522320cbe0a1ee6
15,oxygen_3222,0x6B3420e804CaaCD0c6CB7b0BEA6812809413B1Fb
16,nahhnu,0x4a9FFCfAf98Cf3491aE3C85B641B9eb281c98225
17,kabayan0719,0xde085ab584bd9244a18e05a5578a97f0886c23a6
18,katakberair,0x32465d99aeccc6641eb3c1634e33e48579cd5107
19,konaremaja,0xbde4f4ddccb74b14056c14d6dd012448b0a47666
20,aprithv22,0x04520a775fdb900d6bb94fe9ca2aad1d612d9398
21,kuyangsakti,0x9b9b3c38a227fcc39e49d4d6603568d8bc02d17a
22,mamae0850,0xd3a7dceb7338d945ca959b7bb5e38cb6846d74ce
23,burungp,0xe0c8a75ADBf0629e8AcBf12F11d6c64BA2AEE423
24,mantrikurabi,0xa2de3369f0ad3174193582f218ba0873f77a0df8
25,bptmpv,0xd1c5F9CAc034f783c175969F0F3D3cEc880611B6
26,muticare,0x72bbcadcc7a7202efb2bf77692c69018563c3e7e
27,feb.muti,0xa65f536ecb9a7f56477107b81d859f39028b784c
28,omonsaromon,0x0b98ce3396827184b8106c7631b2fbdbdba07d2b
29,zx4563,0x4eb0f26Dce1B268533f5D01b109a0f8F1ffa782E
30,keylasyifa,0xdb74D8e755720F797052723a7FEaC653F93cDA96
31,keraton06_,0x6EE2769892Df20f88918F61Ef789B79C832f2051
32,kadangalih,0x60Ab84c3F9Fd5c76C543C9d491D843ba93A7ADA3
33,jekpoter,0x41379d747b1e0113b305E4fcb62A02C2BF9eC1Dd
34,ilhamgod664,0xc8c8F86Aa7CD196C8F2E2806119c54d9eFBf4b3a
35,hayatuqolbi,0x796703D531976d9A7A0772D421534649bbBa1EE3
36,hadorie.,0x6d6Ed2cac9939d630FB74b11Df24A8B3b69C3261
37,hacklaw55,0xD72DEDDCC99F8abfC0Eb90733315808280c3cBf3
38,gunungbtk,0x48F221F47F4fF5D8dC882C83bA6eB57452795828
39,kingfaisal303,0x22e8748ba664b3ce5D758dC01e5127711963639B
40,emry0885,0xC4a0927cf63672e64918CB454bef95F0FDf6c702
41,ellokogonzales,0xD731ffa7D2A495f9270AA5C5A598D86f685D4747
42,digitalalliance.,0x1C2BEe48772854814671C70de8EB9C0b81DA4a00
43,crocodile5544,0x47E4020dC388e9D580b45c07868D6B7aDD514DE8
44,carglos_,0x02546903aC89caD82758A553cd958f3AbF892415
45,buts0665,0x5d5d3B3B9189Fe19258Ec135488f32E2AC6bF2A1
46,ddaeeeee_64078,0xB95AeE62BeD99321C311A00BF8fe05a6c860Dc42
47,bakihanma0167,0xd3AFDD5B8a94e605727e59267A0c7880a2E58042
48,azizahputri78,0x58D1dB8297694EafcCc4a0d799b385dA17641077
49,aexis0606,0x3424AF563f2446a3C02aa1F7aBE749C92a89b241
50,mitsuya_089,0x852D71184BE99542A643D7A5b9Ed7a1d68fb9821
51,upik0743,0x720a80327aa268260b98e7bb630c988788f463f7
52,testami,0x090832beaa8cb7ac62fac87e14535960d3962b34
53,marianasur,0xa9b76712bd6a8704c2001277939997a6ab792452
54,sodelanjay,0x574edad80c8349cdfae10bc450e5ad8e504201a6
55,sapidua618,0xfff5d863cec17fa16949524dc98342ef6f5efc81
56,rubynasrullah,0xc7be1f4bb4668734d995a75be46d086de1f361f7
57,zkiskrt,0x5be0627ef606a3321a9587bdc245f4cf3e7cf70f
58,rizaldimaulana_,0x8c1dd8e41d8e4bbeaa0d56a610fd43fc8a65c738
59,rizalapr,0x35468a8dd953949ac6e5704ec7932617c07c89c8
60,ririangel_,0xd760456fd438348dca21aed2d4d4cf98b6eec814
61,rindusekar,0xa661afce49058085ec3213d0f216361753ec86c4
62,resamau,0x9686c84c68c9fb60223e4104584f0a1ebec90823
63,sliceshot_09337,0x6dC7a8c3806A4c5e66B87Cec7AfB44b55D5f1f2F
64,percival080,0xC75319Dfede125ec7365cB0a82BA25E5A4540607
65,chdaeyyy,0x6CE16BCeAB78732c9F367caB64056851D5005C09
66,ohyesohno67,0x5D9BBD7BbCa35ACb4fC91C8eb4A28436f57eEe61
67,creamsiewhimsie__84994,0x773602c27efb5E5aA0F1dE4893E5d76e4E1a115a
68,nanangdatang,0xf866cC098A997aA5A2fF24F93027bc6a7A4AdA36
69,blckcoffe,0x6441D1920D397F09CFF1296f9BE5242f32E4d35e
70,aasedezz,0x1bd8F6f59fbe9d5690a9bF09d23191F09A183237
71,albys0770,0xD41e30a5E99Bb9353382d9f303f20CEdcBF10140
72,okehh123,0x8dD300aD9B9b9192928E35133845C4620E733582
73,remix_letsgo,0x2187d0605A19De918e7A2cC2Be1525E092Bba22B
74,bangunsi,0x7c0B0C6BE449E3B17E226a2BD1Bd840B86810A0e
75,beambah,0x4A474B00939DfDcBe8710c26b03946aF897dd9BC
76,mochachinn,0xf3C17277948204494513994E396440Ef45b061db
77,theambull,0xB07361e043A077311EB1e26C36aBEF0aDFec0704
78,beritaaa,0x91e95D67873061C8EDEAFb601c81E3013629202d
79,iniredian,0x17f161de28d5bf117ac47fce8c8e073c66467335
80,lucaszsz5,0x00e382E9a23734F2747Cb89034dF2B401f10E167
81,permatas.ari,0xebe04be8e11f36d47edfa0b60f80b8274e232b71